{"options":{},"indexes":[{"v":2,"key":{"_id":1},"name":"_id_","ns":"notationcms.-GbEzsAtJ_pzS5ZUWM0-supplierProducts"},{"v":2,"key":{"supplierId":1},"name":"supplierId_1","ns":"notationcms.-GbEzsAtJ_pzS5ZUWM0-supplierProducts","background":true},{"v":2,"key":{"sku":1},"name":"sku_1","ns":"notationcms.-GbEzsAtJ_pzS5ZUWM0-supplierProducts","background":true},{"v":2,"key":{"parentMageId":1},"name":"parentMageId_1","ns":"notationcms.-GbEzsAtJ_pzS5ZUWM0-supplierProducts","background":true},{"v":2,"key":{"supplierId":1,"productId":1},"name":"supplierId_1_productId_1","ns":"notationcms.-GbEzsAtJ_pzS5ZUWM0-supplierProducts","background":true}],"uuid":"ec8c5a8eea7f4a27a48c0d2a4778e10a"}