{"options":{},"indexes":[{"v":2,"key":{"_id":1},"name":"_id_","ns":"notationcms.43cmWubJW8y4N8GFN-services"},{"v":2,"key":{"name":1},"name":"name_1","ns":"notationcms.43cmWubJW8y4N8GFN-services","background":true},{"v":2,"key":{"providerType":1},"name":"providerType_1","ns":"notationcms.43cmWubJW8y4N8GFN-services","background":true},{"v":2,"key":{"services.name":1},"name":"services.name_1","ns":"notationcms.43cmWubJW8y4N8GFN-services","background":true},{"v":2,"key":{"services.categories":1},"name":"services.categories_1","ns":"notationcms.43cmWubJW8y4N8GFN-services","background":true}],"uuid":"94cc091a37f949d699c0e9cd48ee5dfe"}