{"options":{},"indexes":[{"v":2,"key":{"_id":1},"name":"_id_","ns":"notationcms.52cSz417EFgNGeMDS-services"},{"v":2,"key":{"name":1},"name":"name_1","ns":"notationcms.52cSz417EFgNGeMDS-services","background":true},{"v":2,"key":{"providerType":1},"name":"providerType_1","ns":"notationcms.52cSz417EFgNGeMDS-services","background":true},{"v":2,"key":{"services.name":1},"name":"services.name_1","ns":"notationcms.52cSz417EFgNGeMDS-services","background":true},{"v":2,"key":{"services.categories":1},"name":"services.categories_1","ns":"notationcms.52cSz417EFgNGeMDS-services","background":true}],"uuid":"e3fec93526ac4902b651ce548e6a9e53"}