{"options":{},"indexes":[{"v":2,"key":{"_id":1},"name":"_id_","ns":"notationcms.5xpjuGUyzD5artwCiU3-accounts"},{"v":2,"key":{"phoneNumber":1},"name":"phoneNumber_1","ns":"notationcms.5xpjuGUyzD5artwCiU3-accounts","background":true},{"v":2,"unique":true,"key":{"email":1},"name":"email_1","ns":"notationcms.5xpjuGUyzD5artwCiU3-accounts","background":true},{"v":2,"key":{"isGuest":1},"name":"isGuest_1","ns":"notationcms.5xpjuGUyzD5artwCiU3-accounts","background":true},{"v":2,"key":{"guestEmail":1},"name":"guestEmail_1","ns":"notationcms.5xpjuGUyzD5artwCiU3-accounts","background":true},{"v":2,"key":{"tags":1},"name":"tags_1","ns":"notationcms.5xpjuGUyzD5artwCiU3-accounts","background":true}],"uuid":"0812e74df6134f9bbb5b3ee0a9ca2ab0"}