{"options":{},"indexes":[{"v":2,"key":{"_id":1},"name":"_id_","ns":"notationcms.7w0CNj7W_IgsLflRY-accounts"},{"v":2,"key":{"phoneNumber":1},"name":"phoneNumber_1","ns":"notationcms.7w0CNj7W_IgsLflRY-accounts","background":true},{"v":2,"unique":true,"key":{"email":1},"name":"email_1","ns":"notationcms.7w0CNj7W_IgsLflRY-accounts","background":true},{"v":2,"key":{"isGuest":1},"name":"isGuest_1","ns":"notationcms.7w0CNj7W_IgsLflRY-accounts","background":true},{"v":2,"key":{"guestEmail":1},"name":"guestEmail_1","ns":"notationcms.7w0CNj7W_IgsLflRY-accounts","background":true}],"uuid":"00e0e66ea9194574aca2b36d0385a8ca"}