{"options":{},"indexes":[{"v":2,"key":{"_id":1},"name":"_id_","ns":"notationcms.7w0CNj7W_IgsLflRY-products"},{"v":2,"key":{"parentMageId":1},"name":"parentMageId_1","ns":"notationcms.7w0CNj7W_IgsLflRY-products","background":true},{"v":2,"unique":true,"key":{"sku":1},"name":"sku_1","ns":"notationcms.7w0CNj7W_IgsLflRY-products","background":true},{"v":2,"key":{"type":1},"name":"type_1","ns":"notationcms.7w0CNj7W_IgsLflRY-products","background":true},{"v":2,"key":{"quantity":1},"name":"quantity_1","ns":"notationcms.7w0CNj7W_IgsLflRY-products","background":true},{"v":2,"key":{"storePrice":1},"name":"storePrice_1","ns":"notationcms.7w0CNj7W_IgsLflRY-products","background":true},{"v":2,"key":{"updated_at_mage":1},"name":"updated_at_mage_1","ns":"notationcms.7w0CNj7W_IgsLflRY-products","background":true}],"uuid":"07ddad915c3a43bfb5d4f18d9cb1543c"}