{"options":{},"indexes":[{"v":2,"key":{"_id":1},"name":"_id_","ns":"notationcms.9oSl1UDukGmmTpGo7-services"},{"v":2,"key":{"name":1},"name":"name_1","ns":"notationcms.9oSl1UDukGmmTpGo7-services","background":true},{"v":2,"key":{"providerType":1},"name":"providerType_1","ns":"notationcms.9oSl1UDukGmmTpGo7-services","background":true},{"v":2,"key":{"services.name":1},"name":"services.name_1","ns":"notationcms.9oSl1UDukGmmTpGo7-services","background":true},{"v":2,"key":{"services.categories":1},"name":"services.categories_1","ns":"notationcms.9oSl1UDukGmmTpGo7-services","background":true}],"uuid":"54ee2b1840564dfebdf2186fa946833f"}