{"options":{},"indexes":[{"v":2,"key":{"_id":1},"name":"_id_","ns":"notationcms.9rqq4ATAhxfPskqfHxv-orders"},{"v":2,"key":{"appliedCouponId":1},"name":"appliedCouponId_1","ns":"notationcms.9rqq4ATAhxfPskqfHxv-orders","background":true},{"v":2,"key":{"numId":1},"name":"numId_1","ns":"notationcms.9rqq4ATAhxfPskqfHxv-orders","background":true},{"v":2,"key":{"tags":1},"name":"tags_1","ns":"notationcms.9rqq4ATAhxfPskqfHxv-orders","background":true},{"v":2,"key":{"shipping.address.city":1},"name":"shipping.address.city_1","ns":"notationcms.9rqq4ATAhxfPskqfHxv-orders","background":true},{"v":2,"key":{"shipping.address.state":1},"name":"shipping.address.state_1","ns":"notationcms.9rqq4ATAhxfPskqfHxv-orders","background":true},{"v":2,"key":{"shipping.address.country":1},"name":"shipping.address.country_1","ns":"notationcms.9rqq4ATAhxfPskqfHxv-orders","background":true}],"uuid":"7d61b68ac1724778ba039a333c016a76"}