{"options":{},"indexes":[{"v":2,"key":{"_id":1},"name":"_id_","ns":"notationcms.aAVdexoJmpSXIsvS3i6-services"},{"v":2,"key":{"name":1},"name":"name_1","ns":"notationcms.aAVdexoJmpSXIsvS3i6-services","background":true},{"v":2,"key":{"providerType":1},"name":"providerType_1","ns":"notationcms.aAVdexoJmpSXIsvS3i6-services","background":true},{"v":2,"key":{"services.name":1},"name":"services.name_1","ns":"notationcms.aAVdexoJmpSXIsvS3i6-services","background":true},{"v":2,"key":{"services.categories":1},"name":"services.categories_1","ns":"notationcms.aAVdexoJmpSXIsvS3i6-services","background":true}],"uuid":"d446e669434a4c399f5ab925e411f04b"}