{"options":{},"indexes":[{"v":2,"key":{"_id":1},"name":"_id_","ns":"notationcms.aHNCACztxOhUTHycE-services"},{"v":2,"key":{"name":1},"name":"name_1","ns":"notationcms.aHNCACztxOhUTHycE-services","background":true},{"v":2,"key":{"providerType":1},"name":"providerType_1","ns":"notationcms.aHNCACztxOhUTHycE-services","background":true},{"v":2,"key":{"services.name":1},"name":"services.name_1","ns":"notationcms.aHNCACztxOhUTHycE-services","background":true},{"v":2,"key":{"services.categories":1},"name":"services.categories_1","ns":"notationcms.aHNCACztxOhUTHycE-services","background":true}],"uuid":"626c3d8f04ef477ebf2f18223402ee2a"}