{"options":{},"indexes":[{"v":2,"key":{"_id":1},"name":"_id_","ns":"notationcms.AmavNvHTycM7-Yqjj-accounts"},{"v":2,"key":{"phoneNumber":1},"name":"phoneNumber_1","ns":"notationcms.AmavNvHTycM7-Yqjj-accounts","background":true},{"v":2,"unique":true,"key":{"email":1},"name":"email_1","ns":"notationcms.AmavNvHTycM7-Yqjj-accounts","background":true},{"v":2,"key":{"isGuest":1},"name":"isGuest_1","ns":"notationcms.AmavNvHTycM7-Yqjj-accounts","background":true},{"v":2,"key":{"guestEmail":1},"name":"guestEmail_1","ns":"notationcms.AmavNvHTycM7-Yqjj-accounts","background":true}],"uuid":"577012e95291467a84a3c7f07beccaad"}