{"options":{},"indexes":[{"v":2,"key":{"_id":1},"name":"_id_","ns":"notationcms.AmavNvHTycM7-Yqjj-services"},{"v":2,"key":{"name":1},"name":"name_1","ns":"notationcms.AmavNvHTycM7-Yqjj-services","background":true},{"v":2,"key":{"providerType":1},"name":"providerType_1","ns":"notationcms.AmavNvHTycM7-Yqjj-services","background":true},{"v":2,"key":{"services.name":1},"name":"services.name_1","ns":"notationcms.AmavNvHTycM7-Yqjj-services","background":true},{"v":2,"key":{"services.categories":1},"name":"services.categories_1","ns":"notationcms.AmavNvHTycM7-Yqjj-services","background":true}],"uuid":"cf453c1f6a99485d93cd1185b944af4c"}