{"options":{},"indexes":[{"v":2,"key":{"_id":1},"name":"_id_","ns":"notationcms.aY8mJwomkpu5w3fK1tN-appconfigs"},{"v":2,"key":{"templateId":1},"name":"templateId_1","ns":"notationcms.aY8mJwomkpu5w3fK1tN-appconfigs","background":true},{"v":2,"key":{"isProd":1},"name":"isProd_1","ns":"notationcms.aY8mJwomkpu5w3fK1tN-appconfigs","background":true},{"v":2,"key":{"platform":1},"name":"platform_1","ns":"notationcms.aY8mJwomkpu5w3fK1tN-appconfigs","background":true},{"v":2,"key":{"clientKey":1,"templateId":1,"platform":1,"versionName":1,"isProd":1},"name":"clientKey_1_templateId_1_platform_1_versionName_1_isProd_1","ns":"notationcms.aY8mJwomkpu5w3fK1tN-appconfigs","background":true}],"uuid":"282b70622c194959890ea16f10fabdec"}