{"options":{},"indexes":[{"v":2,"key":{"_id":1},"name":"_id_","ns":"notationcms.aY8mJwomkpu5w3fK1tN-products"},{"v":2,"key":{"tags":1},"name":"tags_1","ns":"notationcms.aY8mJwomkpu5w3fK1tN-products","background":true},{"v":2,"key":{"parentMageId":1},"name":"parentMageId_1","ns":"notationcms.aY8mJwomkpu5w3fK1tN-products","background":true},{"v":2,"unique":true,"key":{"sku":1},"name":"sku_1","ns":"notationcms.aY8mJwomkpu5w3fK1tN-products","background":true},{"v":2,"key":{"type":1},"name":"type_1","ns":"notationcms.aY8mJwomkpu5w3fK1tN-products","background":true},{"v":2,"key":{"quantity":1},"name":"quantity_1","ns":"notationcms.aY8mJwomkpu5w3fK1tN-products","background":true},{"v":2,"key":{"storePrice":1},"name":"storePrice_1","ns":"notationcms.aY8mJwomkpu5w3fK1tN-products","background":true},{"v":2,"key":{"updated_at_mage":1},"name":"updated_at_mage_1","ns":"notationcms.aY8mJwomkpu5w3fK1tN-products","background":true},{"v":2,"key":{"isDeleted":1},"name":"isDeleted_1","ns":"notationcms.aY8mJwomkpu5w3fK1tN-products","background":true}],"uuid":"a5404a97ad574bbcb56f99141c45e5cf"}