{"options":{},"indexes":[{"v":2,"key":{"_id":1},"name":"_id_","ns":"notationcms.B1Ou6lRHrH1gdupeCBB-services"},{"v":2,"key":{"name":1},"name":"name_1","ns":"notationcms.B1Ou6lRHrH1gdupeCBB-services","background":true},{"v":2,"key":{"providerType":1},"name":"providerType_1","ns":"notationcms.B1Ou6lRHrH1gdupeCBB-services","background":true},{"v":2,"key":{"services.name":1},"name":"services.name_1","ns":"notationcms.B1Ou6lRHrH1gdupeCBB-services","background":true},{"v":2,"key":{"services.categories":1},"name":"services.categories_1","ns":"notationcms.B1Ou6lRHrH1gdupeCBB-services","background":true},{"v":2,"key":{"staff.post":1},"name":"staff.post_1","ns":"notationcms.B1Ou6lRHrH1gdupeCBB-services","background":true}],"uuid":"422b192d8df1495e927bfc7dfdc844a2"}