{"options":{},"indexes":[{"v":2,"key":{"_id":1},"name":"_id_","ns":"notationcms.c5p7K8iJuEAY0cBZvcP-appconfigs"},{"v":2,"key":{"templateId":1},"name":"templateId_1","ns":"notationcms.c5p7K8iJuEAY0cBZvcP-appconfigs","background":true},{"v":2,"key":{"isProd":1},"name":"isProd_1","ns":"notationcms.c5p7K8iJuEAY0cBZvcP-appconfigs","background":true},{"v":2,"key":{"platform":1},"name":"platform_1","ns":"notationcms.c5p7K8iJuEAY0cBZvcP-appconfigs","background":true},{"v":2,"key":{"clientKey":1,"templateId":1,"platform":1,"versionName":1,"isProd":1},"name":"clientKey_1_templateId_1_platform_1_versionName_1_isProd_1","ns":"notationcms.c5p7K8iJuEAY0cBZvcP-appconfigs","background":true}],"uuid":"fb446118f84945c28223834d10db9a69"}