{"options":{},"indexes":[{"v":2,"key":{"_id":1},"name":"_id_","ns":"notationcms.c5p7K8iJuEAY0cBZvcP-accounts"},{"v":2,"key":{"name":1},"name":"name_1","ns":"notationcms.c5p7K8iJuEAY0cBZvcP-accounts","background":true},{"v":2,"key":{"phoneNumber":1},"name":"phoneNumber_1","ns":"notationcms.c5p7K8iJuEAY0cBZvcP-accounts","background":true},{"v":2,"unique":true,"key":{"email":1},"name":"email_1","ns":"notationcms.c5p7K8iJuEAY0cBZvcP-accounts","background":true},{"v":2,"key":{"created_date":1},"name":"created_date_1","ns":"notationcms.c5p7K8iJuEAY0cBZvcP-accounts","background":true},{"v":2,"key":{"remoteId":1},"name":"remoteId_1","ns":"notationcms.c5p7K8iJuEAY0cBZvcP-accounts","background":true},{"v":2,"key":{"numId":1},"name":"numId_1","ns":"notationcms.c5p7K8iJuEAY0cBZvcP-accounts","background":true},{"v":2,"key":{"isGuest":1},"name":"isGuest_1","ns":"notationcms.c5p7K8iJuEAY0cBZvcP-accounts","background":true},{"v":2,"key":{"guestEmail":1},"name":"guestEmail_1","ns":"notationcms.c5p7K8iJuEAY0cBZvcP-accounts","background":true},{"v":2,"key":{"tags":1},"name":"tags_1","ns":"notationcms.c5p7K8iJuEAY0cBZvcP-accounts","background":true},{"v":2,"key":{"referralCode":1},"name":"referralCode_1","ns":"notationcms.c5p7K8iJuEAY0cBZvcP-accounts","background":true},{"v":2,"key":{"isGuest":1,"guestEmail":1},"name":"isGuest_1_guestEmail_1","ns":"notationcms.c5p7K8iJuEAY0cBZvcP-accounts","background":true}],"uuid":"db88e0d9539c4541b2dd14012ff48ee3"}