{"options":{},"indexes":[{"v":2,"key":{"_id":1},"name":"_id_","ns":"notationcms.dPBFdGSHpHW2qbmQG-services"},{"v":2,"key":{"name":1},"name":"name_1","ns":"notationcms.dPBFdGSHpHW2qbmQG-services","background":true},{"v":2,"key":{"providerType":1},"name":"providerType_1","ns":"notationcms.dPBFdGSHpHW2qbmQG-services","background":true},{"v":2,"key":{"services.name":1},"name":"services.name_1","ns":"notationcms.dPBFdGSHpHW2qbmQG-services","background":true},{"v":2,"key":{"services.categories":1},"name":"services.categories_1","ns":"notationcms.dPBFdGSHpHW2qbmQG-services","background":true}],"uuid":"8f33cc4dcacf487a89821320e17c2a19"}