{"options":{},"indexes":[{"v":2,"key":{"_id":1},"name":"_id_","ns":"notationcms.DYs1HOf4HbyeGAQl_-services"},{"v":2,"key":{"name":1},"name":"name_1","ns":"notationcms.DYs1HOf4HbyeGAQl_-services","background":true},{"v":2,"key":{"providerType":1},"name":"providerType_1","ns":"notationcms.DYs1HOf4HbyeGAQl_-services","background":true},{"v":2,"key":{"services.name":1},"name":"services.name_1","ns":"notationcms.DYs1HOf4HbyeGAQl_-services","background":true},{"v":2,"key":{"services.categories":1},"name":"services.categories_1","ns":"notationcms.DYs1HOf4HbyeGAQl_-services","background":true}],"uuid":"b402a1c1d2e44a11b40587fba1226f08"}