{"options":{},"indexes":[{"v":2,"key":{"_id":1},"name":"_id_","ns":"notationcms.EDvdeNWmahYkHSkxKv_-supplierProducts"},{"v":2,"key":{"supplierId":1},"name":"supplierId_1","ns":"notationcms.EDvdeNWmahYkHSkxKv_-supplierProducts","background":true},{"v":2,"key":{"sku":1},"name":"sku_1","ns":"notationcms.EDvdeNWmahYkHSkxKv_-supplierProducts","background":true},{"v":2,"key":{"parentMageId":1},"name":"parentMageId_1","ns":"notationcms.EDvdeNWmahYkHSkxKv_-supplierProducts","background":true},{"v":2,"key":{"supplierId":1,"productId":1},"name":"supplierId_1_productId_1","ns":"notationcms.EDvdeNWmahYkHSkxKv_-supplierProducts","background":true}],"uuid":"625bb7fc7b05465c9c9583acc14960fd"}