{"options":{},"indexes":[{"v":2,"key":{"_id":1},"name":"_id_","ns":"notationcms.H1C1tsGSHHyeAkYofHB-services"},{"v":2,"key":{"name":1},"name":"name_1","ns":"notationcms.H1C1tsGSHHyeAkYofHB-services","background":true},{"v":2,"key":{"providerType":1},"name":"providerType_1","ns":"notationcms.H1C1tsGSHHyeAkYofHB-services","background":true},{"v":2,"key":{"services.name":1},"name":"services.name_1","ns":"notationcms.H1C1tsGSHHyeAkYofHB-services","background":true},{"v":2,"key":{"services.categories":1},"name":"services.categories_1","ns":"notationcms.H1C1tsGSHHyeAkYofHB-services","background":true}],"uuid":"cc9972d42bd64f9880901ccd3c0df6da"}