{"options":{},"indexes":[{"v":2,"key":{"_id":1},"name":"_id_","ns":"notationcms.H1ZVDeELEBkxZ4wlELE-orders"},{"v":2,"key":{"appliedCouponId":1},"name":"appliedCouponId_1","ns":"notationcms.H1ZVDeELEBkxZ4wlELE-orders","background":true},{"v":2,"key":{"numId":1},"name":"numId_1","ns":"notationcms.H1ZVDeELEBkxZ4wlELE-orders","background":true},{"v":2,"key":{"tags":1},"name":"tags_1","ns":"notationcms.H1ZVDeELEBkxZ4wlELE-orders","background":true},{"v":2,"key":{"shipping.address.city":1},"name":"shipping.address.city_1","ns":"notationcms.H1ZVDeELEBkxZ4wlELE-orders","background":true},{"v":2,"key":{"shipping.address.state":1},"name":"shipping.address.state_1","ns":"notationcms.H1ZVDeELEBkxZ4wlELE-orders","background":true},{"v":2,"key":{"shipping.address.country":1},"name":"shipping.address.country_1","ns":"notationcms.H1ZVDeELEBkxZ4wlELE-orders","background":true}],"uuid":"15ac1e0309bd4868a55b594401f60bb2"}