{"options":{},"indexes":[{"v":2,"key":{"_id":1},"name":"_id_","ns":"notationcms.HDBPG2pZEGfSnHIPT2q-pincodes"},{"v":2,"key":{"pincode":1},"name":"pincode_1","ns":"notationcms.HDBPG2pZEGfSnHIPT2q-pincodes","background":true},{"v":2,"key":{"_fts":"text","_ftsx":1},"name":"subject_text","ns":"notationcms.HDBPG2pZEGfSnHIPT2q-pincodes","background":true,"weights":{"subject":1},"default_language":"english","language_override":"language","textIndexVersion":3}],"uuid":"93582ccbafbb49808de8b2111ec92471"}