{"options":{},"indexes":[{"v":2,"key":{"_id":1},"name":"_id_","ns":"notationcms.HDBPG2pZEGfSnHIPT2q-supplierProducts"},{"v":2,"key":{"supplierId":1},"name":"supplierId_1","ns":"notationcms.HDBPG2pZEGfSnHIPT2q-supplierProducts","background":true},{"v":2,"key":{"sku":1},"name":"sku_1","ns":"notationcms.HDBPG2pZEGfSnHIPT2q-supplierProducts","background":true},{"v":2,"key":{"parentMageId":1},"name":"parentMageId_1","ns":"notationcms.HDBPG2pZEGfSnHIPT2q-supplierProducts","background":true},{"v":2,"key":{"supplierId":1,"productId":1},"name":"supplierId_1_productId_1","ns":"notationcms.HDBPG2pZEGfSnHIPT2q-supplierProducts","background":true}],"uuid":"55e7ed770dcd492fae764fe283d3e35f"}