{"options":{},"indexes":[{"v":2,"key":{"_id":1},"name":"_id_","ns":"notationcms.hEc8Or-FCGi7cwaJaGA-supplierProducts"},{"v":2,"key":{"supplierId":1},"name":"supplierId_1","ns":"notationcms.hEc8Or-FCGi7cwaJaGA-supplierProducts","background":true},{"v":2,"key":{"sku":1},"name":"sku_1","ns":"notationcms.hEc8Or-FCGi7cwaJaGA-supplierProducts","background":true},{"v":2,"key":{"parentMageId":1},"name":"parentMageId_1","ns":"notationcms.hEc8Or-FCGi7cwaJaGA-supplierProducts","background":true},{"v":2,"key":{"supplierId":1,"productId":1},"name":"supplierId_1_productId_1","ns":"notationcms.hEc8Or-FCGi7cwaJaGA-supplierProducts","background":true}],"uuid":"28959fd71d3a46d7a64d45ecda45b9ba"}