{"options":{},"indexes":[{"v":2,"key":{"_id":1},"name":"_id_","ns":"notationcms.hEc8Or-FCGi7cwaJaGA-services"},{"v":2,"key":{"name":1},"name":"name_1","ns":"notationcms.hEc8Or-FCGi7cwaJaGA-services","background":true},{"v":2,"key":{"providerType":1},"name":"providerType_1","ns":"notationcms.hEc8Or-FCGi7cwaJaGA-services","background":true},{"v":2,"key":{"services.name":1},"name":"services.name_1","ns":"notationcms.hEc8Or-FCGi7cwaJaGA-services","background":true},{"v":2,"key":{"services.categories":1},"name":"services.categories_1","ns":"notationcms.hEc8Or-FCGi7cwaJaGA-services","background":true}],"uuid":"4549f2cc1c5745f185f5479cbd2d98de"}