{"options":{},"indexes":[{"v":2,"key":{"_id":1},"name":"_id_","ns":"notationcms.hoxOp47p-13xshKn_tm-supplierProducts"},{"v":2,"key":{"supplierId":1},"name":"supplierId_1","ns":"notationcms.hoxOp47p-13xshKn_tm-supplierProducts","background":true},{"v":2,"key":{"sku":1},"name":"sku_1","ns":"notationcms.hoxOp47p-13xshKn_tm-supplierProducts","background":true},{"v":2,"key":{"parentMageId":1},"name":"parentMageId_1","ns":"notationcms.hoxOp47p-13xshKn_tm-supplierProducts","background":true},{"v":2,"key":{"supplierId":1,"productId":1},"name":"supplierId_1_productId_1","ns":"notationcms.hoxOp47p-13xshKn_tm-supplierProducts","background":true}],"uuid":"e93250d2c5a94b7b8bbbf08c803dd49a"}