{"options":{},"indexes":[{"v":2,"key":{"_id":1},"name":"_id_","ns":"notationcms.HpHOjJEQVy_gM24XoAx-supplierProducts"},{"v":2,"key":{"supplierId":1},"name":"supplierId_1","ns":"notationcms.HpHOjJEQVy_gM24XoAx-supplierProducts","background":true},{"v":2,"key":{"sku":1},"name":"sku_1","ns":"notationcms.HpHOjJEQVy_gM24XoAx-supplierProducts","background":true},{"v":2,"key":{"parentMageId":1},"name":"parentMageId_1","ns":"notationcms.HpHOjJEQVy_gM24XoAx-supplierProducts","background":true},{"v":2,"key":{"supplierId":1,"productId":1},"name":"supplierId_1_productId_1","ns":"notationcms.HpHOjJEQVy_gM24XoAx-supplierProducts","background":true}],"uuid":"09dcc8e0481f4662a5181a366fe238b9"}