{"options":{},"indexes":[{"v":2,"key":{"_id":1},"name":"_id_","ns":"notationcms.HyR6-PzCNr1gR6bvfRV-services"},{"v":2,"key":{"name":1},"name":"name_1","ns":"notationcms.HyR6-PzCNr1gR6bvfRV-services","background":true},{"v":2,"key":{"providerType":1},"name":"providerType_1","ns":"notationcms.HyR6-PzCNr1gR6bvfRV-services","background":true},{"v":2,"key":{"services.name":1},"name":"services.name_1","ns":"notationcms.HyR6-PzCNr1gR6bvfRV-services","background":true},{"v":2,"key":{"services.categories":1},"name":"services.categories_1","ns":"notationcms.HyR6-PzCNr1gR6bvfRV-services","background":true},{"v":2,"key":{"staff.post":1},"name":"staff.post_1","ns":"notationcms.HyR6-PzCNr1gR6bvfRV-services","background":true}],"uuid":"ab002b1a906f4507b76fb9c5f17325e1"}