{"options":{},"indexes":[{"v":2,"key":{"_id":1},"name":"_id_","ns":"notationcms.HyR6-PzCNr1gR6bvfRV-accounts"},{"v":2,"key":{"phoneNumber":1},"name":"phoneNumber_1","ns":"notationcms.HyR6-PzCNr1gR6bvfRV-accounts","background":true},{"v":2,"unique":true,"key":{"email":1},"name":"email_1","ns":"notationcms.HyR6-PzCNr1gR6bvfRV-accounts","background":true},{"v":2,"key":{"isGuest":1},"name":"isGuest_1","ns":"notationcms.HyR6-PzCNr1gR6bvfRV-accounts","background":true},{"v":2,"key":{"guestEmail":1},"name":"guestEmail_1","ns":"notationcms.HyR6-PzCNr1gR6bvfRV-accounts","background":true},{"v":2,"key":{"tags":1},"name":"tags_1","ns":"notationcms.HyR6-PzCNr1gR6bvfRV-accounts","background":true}],"uuid":"4c517df824ef45beb5624f7b07a6ce46"}