{"options":{},"indexes":[{"v":2,"key":{"_id":1},"name":"_id_","ns":"notationcms.iAIbqaJdc0BXC8TX_-8-orders"},{"v":2,"key":{"items.isShipped":1},"name":"items.isShipped_1","ns":"notationcms.iAIbqaJdc0BXC8TX_-8-orders","background":true},{"v":2,"key":{"createdAt":1},"name":"createdAt_1","ns":"notationcms.iAIbqaJdc0BXC8TX_-8-orders","background":true},{"v":2,"key":{"paymentRef":1},"name":"paymentRef_1","ns":"notationcms.iAIbqaJdc0BXC8TX_-8-orders","background":true},{"v":2,"key":{"appliedCouponId":1},"name":"appliedCouponId_1","ns":"notationcms.iAIbqaJdc0BXC8TX_-8-orders","background":true},{"v":2,"key":{"numId":1},"name":"numId_1","ns":"notationcms.iAIbqaJdc0BXC8TX_-8-orders","background":true},{"v":2,"key":{"tags":1},"name":"tags_1","ns":"notationcms.iAIbqaJdc0BXC8TX_-8-orders","background":true},{"v":2,"key":{"shipping.address.city":1},"name":"shipping.address.city_1","ns":"notationcms.iAIbqaJdc0BXC8TX_-8-orders","background":true},{"v":2,"key":{"shipping.address.state":1},"name":"shipping.address.state_1","ns":"notationcms.iAIbqaJdc0BXC8TX_-8-orders","background":true},{"v":2,"key":{"shipping.address.country":1},"name":"shipping.address.country_1","ns":"notationcms.iAIbqaJdc0BXC8TX_-8-orders","background":true},{"v":2,"key":{"_fts":"text","_ftsx":1},"name":"shipping.address.fullName_text","ns":"notationcms.iAIbqaJdc0BXC8TX_-8-orders","background":true,"weights":{"shipping.address.fullName":1},"default_language":"english","language_override":"language","textIndexVersion":3}],"uuid":"456ba8a8d0a74ad7b5bb91d31baaac5d"}