{"options":{},"indexes":[{"v":2,"key":{"_id":1},"name":"_id_","ns":"notationcms.iQXls48mshUrBiET6-services"},{"v":2,"key":{"name":1},"name":"name_1","ns":"notationcms.iQXls48mshUrBiET6-services","background":true},{"v":2,"key":{"providerType":1},"name":"providerType_1","ns":"notationcms.iQXls48mshUrBiET6-services","background":true},{"v":2,"key":{"services.name":1},"name":"services.name_1","ns":"notationcms.iQXls48mshUrBiET6-services","background":true},{"v":2,"key":{"services.categories":1},"name":"services.categories_1","ns":"notationcms.iQXls48mshUrBiET6-services","background":true}],"uuid":"6921e6e4b39e40b6b05e55c946578b60"}