{"options":{},"indexes":[{"v":2,"key":{"_id":1},"name":"_id_","ns":"notationcms.jI04ojifPCoXYRp4ExF-supplierProducts"},{"v":2,"key":{"supplierId":1},"name":"supplierId_1","ns":"notationcms.jI04ojifPCoXYRp4ExF-supplierProducts","background":true},{"v":2,"key":{"sku":1},"name":"sku_1","ns":"notationcms.jI04ojifPCoXYRp4ExF-supplierProducts","background":true},{"v":2,"key":{"parentMageId":1},"name":"parentMageId_1","ns":"notationcms.jI04ojifPCoXYRp4ExF-supplierProducts","background":true},{"v":2,"key":{"supplierId":1,"productId":1},"name":"supplierId_1_productId_1","ns":"notationcms.jI04ojifPCoXYRp4ExF-supplierProducts","background":true}],"uuid":"e7d3f684dc4c4311ae864d4d5af21c9b"}