{"options":{},"indexes":[{"v":2,"key":{"_id":1},"name":"_id_","ns":"notationcms.KSkRftJ98tb53tebvpF-products"},{"v":2,"key":{"parentMageId":1},"name":"parentMageId_1","ns":"notationcms.KSkRftJ98tb53tebvpF-products","background":true},{"v":2,"unique":true,"key":{"sku":1},"name":"sku_1","ns":"notationcms.KSkRftJ98tb53tebvpF-products","background":true},{"v":2,"key":{"type":1},"name":"type_1","ns":"notationcms.KSkRftJ98tb53tebvpF-products","background":true},{"v":2,"key":{"quantity":1},"name":"quantity_1","ns":"notationcms.KSkRftJ98tb53tebvpF-products","background":true},{"v":2,"key":{"storePrice":1},"name":"storePrice_1","ns":"notationcms.KSkRftJ98tb53tebvpF-products","background":true},{"v":2,"key":{"updated_at_mage":1},"name":"updated_at_mage_1","ns":"notationcms.KSkRftJ98tb53tebvpF-products","background":true},{"v":2,"key":{"isDeleted":1},"name":"isDeleted_1","ns":"notationcms.KSkRftJ98tb53tebvpF-products","background":true},{"v":2,"key":{"tags":1},"name":"tags_1","ns":"notationcms.KSkRftJ98tb53tebvpF-products","background":true}],"uuid":"ec0caa9950b8413190c77b778b0e3267"}