{"options":{},"indexes":[{"v":2,"key":{"_id":1},"name":"_id_","ns":"notationcms.KSkRftJ98tb53tebvpF-purchaseOrders"},{"v":2,"key":{"orderId":1},"name":"orderId_1","ns":"notationcms.KSkRftJ98tb53tebvpF-purchaseOrders","background":true},{"v":2,"key":{"numId":1},"name":"numId_1","ns":"notationcms.KSkRftJ98tb53tebvpF-purchaseOrders","background":true},{"v":2,"key":{"sku":1},"name":"sku_1","ns":"notationcms.KSkRftJ98tb53tebvpF-purchaseOrders","background":true},{"v":2,"key":{"orderId":1,"productId":1},"name":"orderId_1_productId_1","ns":"notationcms.KSkRftJ98tb53tebvpF-purchaseOrders","background":true}],"uuid":"e4ec14c43fd747dfae378ef7b4d25965"}